{"train_steps_per_second":0.036,"total_flos":6.133572583424e+13,"_step":351,"train/grad_norm":4.960474565989773,"train/epoch":0.5002672367717798,"train_runtime":9793.186,"train_loss":2.4301258974265507,"train/global_step":351,"_runtime":9792.789137797,"_wandb":{"runtime":9814},"train/loss":2.272,"train_samples_per_second":1.146,"_timestamp":1.7482291686646051e+09,"train/learning_rate":4.26882966321207e-12}